Text,Score
الذكاء الاصطناعي يغير العالم بشكل جذري ويؤثر على جميع جوانب حياتنا اليومية,8.5
تطور التكنولوجيا الحديثة يساعد في تحسين الخدمات الصحية والتعليمية,7.0
الرياضة لها فوائد صحية عديدة وتساعد على تحسين اللياقة البدنية,6.5
التغير المناخي يشكل تهديدا كبيرا للبشرية ويتطلب إجراءات عاجلة,9.0
الاقتصاد الرقمي يوفر فرصا جديدة للشركات الناشئة والمبدعين,7.5
التعليم عن بعد أصبح ضرورة في العصر الحديث وله مزايا متعددة,8.0
الأمن السيبراني أصبح من أهم التحديات في عالم الإنترنت المعاصر,8.5
الطاقة المتجددة هي المستقبل للحفاظ على البيئة وتقليل الانبعاثات,9.5
الثورة الصناعية الرابعة تعتمد على الأتمتة والذكاء الاصطناعي,8.0
البحث العلمي يساهم في تطوير المجتمعات وحل المشكلات المعقدة,7.5
الإنترنت غير طريقة التواصل بين الناس في جميع أنحاء العالم,6.0
الطب الحديث حقق إنجازات كبيرة في علاج الأمراض المستعصية,8.5
الفن والثقافة يعكسان هوية الشعوب وتاريخها الحضاري,5.5
التجارة الإلكترونية سهلت عملية الشراء والبيع عبر الإنترنت,7.0
الزراعة الذكية تستخدم التكنولوجيا لزيادة الإنتاج وتقليل الهدر,8.0
الفضاء الخارجي يفتح آفاقا جديدة للاستكشاف والبحث العلمي,9.0
